"NO","시행 월","장소(엑셀)","장소(시스템)","세부장소","유형","부서","담당자","담당자 매칭","조치","최초 목표일","현재 목표일","일정 변경","상태","개선 전 사진","개선 후 사진","지시사항","확인 필요"
"1","2025-02 (이월)","HBC-C2 공장","HBC-C2","ANE (직접입력)","설비","생산팀","이우리","(DB 미연결)","단기/장기","2027-04-30","2027-04-30","0","담당자 지정 대기","1","0","",""
"2","2025-06","HBC-C1","HBC-C1","구연산 (직접입력)","설비","생산팀","이석원","(DB 미연결)","장기","2027-04-30","2027-04-30","0","담당자 지정 대기","1","0","",""
"3","2025-06","HBC-C1","HBC-C1","구연산 호퍼 (직접입력)","설비","생산팀","이지훈","(DB 미연결)","즉시/단기/장기","2027-04-30","2027-04-30","0","담당자 지정 대기","1","0","",""
"4","2025-06","HBC-C2","HBC-C2","전체 (직접입력)","기타","생산팀","이우리","(DB 미연결)","단기/장기","2026-12-30","2026-12-30","0","담당자 지정 대기","1","0","",""
"5","2025-08","HBC-C2공장","HBC-C2","PLP (직접입력)","설비","생산팀","이우리","(DB 미연결)","단기/장기","2026-09-30","2026-09-30","0","담당자 지정 대기","1","0","",""
"6","2025-08","HBC-C2공장","HBC-C2","ANE
합성장치 (직접입력)","설비","생산팀","이우리","(DB 미연결)","단기/장기","2026-11-30","2026-11-30","0","담당자 지정 대기","1","0","",""
"7","2025-08","HBC-C2공장","HBC-C2","PCS-02 (직접입력)","기타","생산팀","이우리","(DB 미연결)","즉시/단기/장기","2025-09-30","2026-08-30","3","종결","1","1","있음",""
"8","2025-08","연구소","연구소","1층/2층 (직접입력)","건축물","연구소","이병준","(DB 미연결)","장기","2026-05-30","2026-10-31","1","담당자 지정 대기","1","0","있음",""
"9","2025-08","연구소","연구소","2층 (직접입력)","기타","연구소","최희규","(DB 미연결)","장기","2026-08-31","2026-10-31","1","담당자 지정 대기","2","0","있음",""
"10","2025-10","과산화수소 2공장","과산화수소 2공장","제품 저장탱크 (직접입력)","3정5S","생산팀","이지훈","(DB 미연결)","장기","2026-10-27","2026-10-27","0","담당자 지정 대기","1","0","","목표일 미기재 → 임의 지정"
"11","2025-12","HBC-C2","HBC-C2","제조소 (직접입력)","부착물","생산팀","이우리, 조성은","(DB 미연결)","즉시/장기","2026-03-31","2026-10-31","2","담당자 지정 대기","1","1","",""
"12","2025-12","HBC-C2","HBC-C2","","기타","생산팀","이우리","(DB 미연결)","장기","2026-02-28","2026-08-14","1","종결","1","2","",""
"13","2025-12","10동창고","10동 창고","","기타","품질팀","김광휘","(DB 미연결)","단기/장기","2026-01-30","2026-09-20","3","담당자 지정 대기","1","0","있음",""
"14","2026-02","과산화수소 1공장","과산화수소 1공장","원료하역장 (직접입력)","기타","생산팀","박병군 (이전: 이정찬)","(DB 미연결)","단기","2026-03-13","2026-03-31","1","종결","2","1","",""
"15","2026-02","과산화수소 1공장","과산화수소 1공장","UPW (직접입력)","배관/밸브","생산팀","박준영","(DB 미연결)","즉시","2026-02-23","2026-02-23","0","종결","2","0","",""
"16","2026-02","과산화수소 1공장","과산화수소 1공장","UPW (직접입력)","기타","생산팀","양동복","(DB 미연결)","즉시","2026-02-23","2026-02-23","0","종결","1","0","",""
"17","2026-02","과산화수소 1공장","과산화수소 1공장","정제실 (직접입력)","3정5S","생산팀","양동복","(DB 미연결)","즉시","2026-02-22","2026-02-22","0","종결","2","2","",""
"18","2026-02","HBC-C1","HBC-C1","BDS실 (직접입력)","기타","생산팀","김학준","(DB 미연결)","즉시","2026-02-24","2026-02-24","0","종결","1","0","",""
"19","2026-02","HBC-C1","HBC-C1","BDS실 (직접입력)","설비","생산팀","이정찬","(DB 미연결)","단기","2026-04-15","2026-05-13","1","종결","1","0","",""
"20","2026-02","HBC-C1","HBC-C1","BDS실 (직접입력)","배관/밸브","품질팀","안태규","(DB 미연결)","단기","2026-03-20","2026-03-20","0","종결","1","1","",""
"21","2026-02","HBC-C1","HBC-C1","BDS실 (직접입력)","MSDS","생산팀","박지호","(DB 미연결)","즉시","2026-02-24","2026-02-24","0","종결","1","0","",""
"22","2026-02","HBC-C1","HBC-C1","BDS실 (직접입력)","기타","생산팀","박지호","(DB 미연결)","즉시","2026-02-24","2026-02-24","0","종결","1","0","",""
"23","2026-02","HBC-C1","HBC-C1","BDS실 (직접입력)","3정5S","생산팀","이지훈","(DB 미연결)","단기","2026-03-31","2026-03-31","0","종결","1","1","",""
"24","2026-02","HBC-C1","HBC-C1","BDS실 (직접입력)","배관/밸브","생산팀","이지훈","(DB 미연결)","단기","2026-03-31","2026-03-31","0","종결","2","1","",""
"25","2026-02","HBC-C1","HBC-C1","BDS실 (직접입력)","부착물","생산팀","심규훈","(DB 미연결)","단기","2026-03-11","2026-03-11","0","종결","1","1","",""
"26","2026-02","HBC-C1","HBC-C1","BDS실 (직접입력)","기타","생산팀","심규훈","(DB 미연결)","단기","2026-03-11","2026-03-11","0","종결","1","1","",""
"27","2026-02","HBC-C1","HBC-C1","BDS실 (직접입력)","배관/밸브","생산팀","이지훈","(DB 미연결)","단기","2026-03-31","2026-04-17","1","종결","2","1","",""
"28","2026-02","HBC-C1","HBC-C1","BDS실 (직접입력)","건축물","생산팀","양수혁","(DB 미연결)","단기","2026-03-13","2026-03-13","0","종결","1","2","",""
"29","2026-02","분석실","분석실","분석 1실 (직접입력)","부착물","품질팀","박지원","(DB 미연결)","즉시","2026-02-24","2026-02-24","0","종결","2","1","",""
"30","2026-02","분석실","분석실","분석 1실 (직접입력)","3정5S","품질팀","김진현","(DB 미연결)","즉시","2026-02-24","2026-02-24","0","종결","1","1","",""
"31","2026-02","분석실","분석실","분석 1실 (직접입력)","배관/밸브","품질팀","진명준","(DB 미연결)","즉시","2026-02-24","2026-02-24","0","종결","1","1","",""
"32","2026-02","분석실","분석실","분석 1실 (직접입력)","MSDS","품질팀","박지원","(DB 미연결)","즉시","2026-02-24","2026-02-24","0","종결","1","1","",""
"33","2026-02","분석실","분석실","분석 1실 (직접입력)","배관/밸브","품질팀","진명준","(DB 미연결)","즉시","2026-02-24","2026-02-24","0","종결","2","1","",""
"34","2026-02","분석실","분석실","분석 1실 (직접입력)","3정5S","품질팀","이영환, 김진현","(DB 미연결)","단기","2026-03-18","2026-03-18","0","종결","1","1","",""
"35","2026-02","분석실","분석실","분석 1실
사무실 (직접입력)","3정5S","품질팀","전현철","(DB 미연결)","단기","2026-03-20","2026-03-20","0","종결","1","1","",""
"36","2026-04","과수1공장
실외저장탱크","과수1공장
실외저장탱크","원료하역장 (직접입력)","3정5S","생산팀","이정찬","(DB 미연결)","즉시","2026-04-27","2026-04-27","0","종결","1","0","","장소 '과수1공장
실외저장탱크' 확인"
"37","2026-04","HBC-C2","HBC-C2","유틸리티실 (직접입력)","배관/밸브","생산팀","이진혁","(DB 미연결)","단기","2026-05-28","2026-06-20","1","종결","1","1","",""
"38","2026-04","HBC-C2","HBC-C2","유틸리티실 (직접입력)","건축물","생산팀","이우리","(DB 미연결)","장기","2026-05-29","2026-08-15","1","종결","1","1","",""
"39","2026-04","HBC-C2","HBC-C2","유틸리티실 (직접입력)","배관/밸브","생산팀","이우리","(DB 미연결)","단기/장기","2026-05-22","2026-06-12","1","종결","1","1","",""
"40","2026-04","HBC-C2","HBC-C2","제조실 (직접입력)","배관/밸브","생산팀","이진혁, 이우리","(DB 미연결)","즉시/단기/장기","2026-08-30","2026-08-30","0","종결","1","1","",""
"41","2026-04","HBC-C2","HBC-C2","제조실 (직접입력)","설비","생산팀","이우리","(DB 미연결)","단기/장기","2026-08-30","2026-09-30","1","담당자 지정 대기","1","0","",""
"42","2026-04","TC 점검소","TC 점검소","점검대 (직접입력)","건축물","생산팀","박병군","(DB 미연결)","즉시","2026-06-30","2026-06-30","0","종결","1","1","",""
"43","2026-04","TC 점검소","TC 점검소","점검대 (직접입력)","건축물","생산팀","박병군","(DB 미연결)","단기","2026-06-30","2026-07-30","1","종결","1","1","",""
"44","2026-04","TC 점검소","TC 점검소","계단 (직접입력)","건축물","생산팀","이정찬","(DB 미연결)","즉시/장기","2026-05-08","2026-05-08","0","종결","1","1","",""
"45","2026-04","TC 점검소","TC 점검소","플랫폼 (직접입력)","건축물","생산팀","박병군","(DB 미연결)","장기","2026-07-30","2026-07-30","0","종결","1","1","",""
"46","2026-04","야트트랙터","야드트랙터","","기타","지원팀","문건주","(DB 미연결)","즉시/단기","2026-04-28","2026-04-28","0","종결","1","1","",""
"47","2026-04","보행로","보행로","보행로 (직접입력)","3정5S","지원팀","천세욱","(DB 미연결)","단기/장기","2026-05-08","2026-07-31","4","종결","1","1","",""
"48","2026-06","과수 1공장","과산화수소 1공장","공조실 (직접입력)","고압가스","품질팀","박지원","(DB 미연결)","단기/장기","2026-08-31","2026-08-31","0","종결","1","1","",""
"49","2026-06","과수 1공장","과산화수소 1공장","공조실 (직접입력)","기타","경영지원실","정상혁","(DB 미연결)","단기","2026-07-20","2026-09-11","1","담당자 지정 대기","1","0","",""
"50","2026-06","과수 1공장","과산화수소 1공장","레진 플랫폼 (직접입력)","부착물","생산팀","이정찬","(DB 미연결)","즉시","2026-06-23","2026-06-23","0","종결","1","0","",""
"51","2026-06","과수 1공장","과산화수소 1공장","BDS실 (직접입력)","부착물","생산팀","이정찬","(DB 미연결)","즉시","2026-06-23","2026-06-23","0","종결","1","0","",""
"52","2026-06","사업장 전체","사업장 전체","","기타","지원팀","문건주","(DB 미연결)","즉시/단기","2026-06-30","2026-06-30","0","종결","1","0","",""
"53","2026-06","보행로","보행로","보행로 (직접입력)","기타","지원팀","천세욱","(DB 미연결)","장기","2026-08-31","2026-08-31","2","종결","1","1","",""
"54","2026-06","과수 1공장","과산화수소 1공장","BDS실 (직접입력)","설비","생산팀","이정찬","(DB 미연결)","즉시","2026-06-23","2026-06-23","0","종결","1","0","",""
"55","2026-06","과수 1공장","과산화수소 1공장","BDS실 (직접입력)","설비","생산팀","이정찬","(DB 미연결)","즉시","2026-06-23","2026-06-23","0","종결","1","0","",""
"56","2026-08","HBC-C1","HBC-C1","제조소 (직접입력)","3정5S","생산팀","심규훈","(DB 미연결)","즉시","2026-09-04","2026-09-04","0","종결","1","1","",""
"57","2026-08","HBC-C1","HBC-C1","제조소 (직접입력)","기타","생산팀","이진혁","(DB 미연결)","단기","2026-09-30","2026-10-30","1","담당자 지정 대기","1","0","",""
"58","2026-08","HBC-C1","HBC-C1","BDS10실 (직접입력)","배관/밸브","생산팀","이진혁","(DB 미연결)","단기","2026-09-30","2026-10-30","1","담당자 지정 대기","1","0","",""
"59","2026-08","HBC-C1","HBC-C1","BDS10실 (직접입력)","기타","생산팀","이지훈","(DB 미연결)","장기","2026-10-09","2026-10-09","0","담당자 지정 대기","1","0","",""
"60","2026-08","HBC-C2","HBC-C2","외부 도로 (직접입력)","기타","생산팀","이우리","(DB 미연결)","단기","2026-09-04","2026-09-04","0","종결","1","1","",""
"61","2026-08","HBC-C2","HBC-C2","폐기물처리장 앞 (직접입력)","기타","생산팀","이진혁","(DB 미연결)","단기","2026-09-30","2026-09-30","0","담당자 지정 대기","1","0","",""
"62","2026-08","HBC-C2","HBC-C2","제조소 (직접입력)","설비","생산팀","이진혁","(DB 미연결)","단기","2026-10-30","2026-10-30","0","담당자 지정 대기","1","0","",""
"63","2026-08","HBC-C2","HBC-C2","제조소 (직접입력)","배관/밸브","생산팀","이우리","(DB 미연결)","장기","2026-11-30","2026-11-30","0","담당자 지정 대기","1","0","",""
"64","2026-08","HBC-C2","HBC-C2","제조소 (직접입력)","3정5S","생산팀","양수혁","(DB 미연결)","즉시","2026-09-05","2026-09-05","0","종결","1","1","",""
"65","2026-08","과수2공장","과산화수소 2공장","MCC룸 (직접입력)","3정5S","생산팀","윤정한","(DB 미연결)","단기","2026-09-05","2026-09-05","0","종결","1","1","",""
"66","2026-08","과수2공장","과산화수소 2공장","정제실 (직접입력)","부착물","생산팀","윤정한","(DB 미연결)","단기","2026-09-15","2026-09-15","0","종결","1","1","",""
"67","2026-08","과수2공장","과산화수소 2공장","정제실 (직접입력)","전기","생산팀","윤정한","(DB 미연결)","단기","2026-09-30","2026-09-30","0","종결","1","1","",""
"68","2026-08","과수2공장","과산화수소 2공장","정제실 (직접입력)","설비","생산팀","이석원","(DB 미연결)","단기","2026-09-30","2026-09-30","0","담당자 지정 대기","1","0","",""
"69","2026-08","과수1공장","과산화수소 1공장","조종실 (직접입력)","기타","생산팀","이종광","(DB 미연결)","단기","2026-09-15","2026-09-15","0","종결","1","1","",""